request_type,category
Abandoned Vehicle - On Street,Abandoned Vehicles
Abandoned Vehicles – On private property,Abandoned Vehicles
Alley Debris Pick Up – DGC Only,Illegal Dumping and Debris
Alley Debris Pick Up – RT Contracting Only,Illegal Dumping and Debris
Alley Debris – GSD ONLY,Illegal Dumping and Debris
Alley Grading - DPW Use Only,Other DPW and Internal
Assessment Letter - DPW AND BSEED USE ONLY,Vacant Property and Code
BRT Debris Pick Up - DGC ONLY,Illegal Dumping and Debris
BRT Debris Pick Up – GSD In House Teams Only,Illegal Dumping and Debris
Blocked Catch Basin,Sewer and Drainage
Bus Shelter Issues,Graffiti and Public Amenities
Bus Shelter Issues - DPW TRASH CANS ONLY,Graffiti and Public Amenities
Bus Shelter Issues - GSD ONLY,Graffiti and Public Amenities
Cave-In over the Sewer,Sewer and Drainage
Cemetery Issue,Trees and Parks
Construction Sign/Barricade Removal – DPW USE ONLY,Illegal Dumping and Debris
Curbside - DPW ONLY,Solid Waste and Recycling
Curbside Solid Waste Issue,Solid Waste and Recycling
DPW - Debris Removal - DPW USE ONLY,Illegal Dumping and Debris
DPW - Other environmental - DPW USE ONLY,Other DPW and Internal
DPW DR Coordinator,Illegal Dumping and Debris
DPW DR Coordinator - DPW use only,Illegal Dumping and Debris
DPW Street Maintenance – Materials Ordered - DPW USE ONLY,Potholes and Streets
Dead Animal Removal,Rodents and Animals
Existing Speed Humps,Traffic Signs and Signals
Facilities Issue - GSD Park Development Use Only,Trees and Parks
Fire Hydrant Issue,Water Main and Hydrant
Fugitive Dust,Hazardous and Environmental
Graffiti Abatement,Graffiti and Public Amenities
Hazardous Spill,Hazardous and Environmental
Hazardous Spill into Sewer or Waterway,Hazardous and Environmental
Historic District Commission Approval Verification Request,Vacant Property and Code
Illegal Dump Sites,Illegal Dumping and Debris
Investigate Blocked Basin Alley,Sewer and Drainage
Investigate Blocked Basin Street,Sewer and Drainage
Investigate Cave In (Sink Hole),Sewer and Drainage
Investigate Fire Hydrant Related Issues,Water Main and Hydrant
Investigate Manhole Cover,Sewer and Drainage
Investigate Missing Catch Basin Cover,Sewer and Drainage
Investigate Running Water Vacant Property,Water Main and Hydrant
Investigate Service Leak,Water Main and Hydrant
Investigate Water Main Break,Water Main and Hydrant
Manhole Cover Issue,Sewer and Drainage
Marijuana Business Related Concern,Vacant Property and Code
Marina Issue,Trees and Parks
Median/Islands Clean Up,Illegal Dumping and Debris
NSAT - Neighborhood Safety Action Team,Other DPW and Internal
Neighborhood Median Clean Up,Illegal Dumping and Debris
Park Issue,Trees and Parks
Potholes,Potholes and Streets
Reboard House Request,Vacant Property and Code
Request Recycling Cart,Solid Waste and Recycling
Residential Snow Removal Issue,Potholes and Streets
Rodent Extermination,Rodents and Animals
Running Water in a Home or Building,Water Main and Hydrant
Squatters - Fraud Investigation,Vacant Property and Code
Squatters Issue,Vacant Property and Code
Street Light / Street Light Pole Major Repair,Street Lighting
Street Light Out,Street Lighting
Street Light Pole Down,Street Lighting
Tall Grass and Weeds,Grass and Weeds
Traffic Complaints,Traffic Signs and Signals
Traffic Sign Issue,Traffic Signs and Signals
Traffic Signal Issue,Traffic Signs and Signals
"Traffic Signal Issue, Major Project – DPW USE ONLY",Traffic Signs and Signals
Tree Issue,Trees and Parks
Vacant Lot Grass Cutting,Grass and Weeds
Water In Basement Investigation,Sewer and Drainage
Water Main Break,Water Main and Hydrant
